user,password
deepak1@gmail.com,deepak1
deepak2@gmail.com,deepak2
deepak3@gmail.com,deepak3
deepak4@gmail.com,deepak4
deepak5@gmail.com,deepak5
deepak6@gmail.com,deepak6
deepak7@gmail.com,deepak7
deepak8@gmail.com,deepak8
deepak9@gmail.com,deepak9
deepak26@gmail.com,deepak26
deepak11@gmail.com,deepak11
deepak12@gmail.com,deepak12
deepak13@gmail.com,deepak13
deepak14@gmail.com,deepak14
deepak15@gmail.com,deepak15
deepak16@gmail.com,deepak16
deepak17@gmail.com,deepak17
deepak18@gmail.com,deepak18
deepak19@gmail.com,deepak19
deepak27@gmail.com,deepak27
deepak21@gmail.com,deepak21
deepak22@gmail.com,deepak22
deepak23@gmail.com,deepak23
deepak24@gmail.com,deepak24
deepak25@gmail.com,deepak25
gaurang1@gmail.com,gaurang26
gaurang2@gmail.com,gaurang27
gaurang3@gmail.com,gaurang28
gaurang4@gmail.com,gaurang29
gaurang5@gmail.com,gaurang30
gaurang6@gmail.com,gaurang31
gaurang7@gmail.com,gaurang32
gaurang8@gmail.com,gaurang33
gaurang9@gmail.com,gaurang34
gaurang26@gmail.com,gaurang35
gaurang11@gmail.com,gaurang36
gaurangn12@gmail.com,gaurang37
gaurang13@gmail.com,gaurang38
gaurang14@gmail.com,gaurang39
gaurang15@gmail.com,gaurang40
gaurang16@gmail.com,gaurang41
gaurang17@gmail.com,gaurang42
gaurang18@gmail.com,gaurang43
gaurang19@gmail.com,gaurang44
gaurang27@gmail.com,gaurang45
gaurang21@gmail.com,gaurang46
gaurang22@gmail.com,gaurang47
gaurang23@gmail.com,gaurang48
gaurang24@gmail.com,gaurang49
gaurang25@gmail.com,gaurang50
hardik1@gmail.com,hardik51
hardik2@gmail.com,hardik52
hardik3@gmail.com,hardik53
hardik4@gmail.com,hardik54
hardik5@gmail.com,hardik55
hardik6@gmail.com,hardik56
hardik7@gmail.com,hardik57
hardik8@gmail.com,hardik58
hardik9@gmail.com,hardik59
hardik26@gmail.com,hardik60
hardik11@gmail.com,hardik61
hardik12@gmail.com,hardik62
hardik13@gmail.com,hardik63
hardik14@gmail.com,hardik64
hardik15@gmail.com,hardik65
hardik16@gmail.com,hardik66
hardik17@gmail.com,hardik67
hardik18@gmail.com,hardik68
hardik19@gmail.com,hardik69
hardik27@gmail.com,hardik70
hardik21@gmail.com,hardik71
hardik22@gmail.com,hardik72
hardik23@gmail.com,hardik73
hardik24@gmail.com,hardik74
hardik25@gmail.com,hardik75
shreyas1@gmail.com,shreyas76
shreyas2@gmail.com,shreyas77
shreyas3@gmail.com,shreyas78
shreyas4@gmail.com,shreyas79
shreyas5@gmail.com,shreyas80
shreyas6@gmail.com,shreyas81
shreyas7@gmail.com,shreyas82
shreyas8@gmail.com,shreyas83
shreyas9@gmail.com,shreyas84
shreyas26@gmail.com,shreyas85
shreyas11@gmail.com,shreyas86
shreyas12@gmail.com,shreyas87
shreyas13@gmail.com,shreyas88
shreyas14@gmail.com,shreyas89
shreyas15@gmail.com,shreyas90
shreyas16@gmail.com,shreyas91
shreyas17@gmail.com,shreyas92
shreyas18@gmail.com,shreyas93
shreyas19@gmail.com,shreyas94
shreyas27@gmail.com,shreyas95
shreyas21@gmail.com,shreyas96
shreyas22@gmail.com,shreyas97
shreyas23@gmail.com,shreyas98
shreyas24@gmail.com,shreyas99
shreyas25@gmail.com,shreyas100
